Name,energy_mean,energy_var,energy_skewness,energy_kurtosis,energy_vel_mean,energy_vel_var,energy_vel_skewness,energy_vel_kurtosis,energy_accel_mean,energy_accel_var,energy_accel_skewness,energy_accel_kurtosis,mfcc1_mean,mfcc1_var,mfcc1_skewness,mfcc1_kurtosis,mfcc1_vel_mean,mfcc1_vel_var,mfcc1_vel_skewness,mfcc1_vel_kurtosis,mfcc1_accel_mean,mfcc1_accel_var,mfcc1_accel_skewness,mfcc1_accel_kurtosis,mfcc2_mean,mfcc2_var,mfcc2_skewness,mfcc2_kurtosis,mfcc2_vel_mean,mfcc2_vel_var,mfcc2_vel_skewness,mfcc2_vel_kurtosis,mfcc2_accel_mean,mfcc2_accel_var,mfcc2_accel_skewness,mfcc2_accel_kurtosis,mfcc3_mean,mfcc3_var,mfcc3_skewness,mfcc3_kurtosis,mfcc3_vel_mean,mfcc3_vel_var,mfcc3_vel_skewness,mfcc3_vel_kurtosis,mfcc3_accel_mean,mfcc3_accel_var,mfcc3_accel_skewness,mfcc3_accel_kurtosis,mfcc4_mean,mfcc4_var,mfcc4_skewness,mfcc4_kurtosis,mfcc4_vel_mean,mfcc4_vel_var,mfcc4_vel_skewness,mfcc4_vel_kurtosis,mfcc4_accel_mean,mfcc4_accel_var,mfcc4_accel_skewness,mfcc4_accel_kurtosis,mfcc5_mean,mfcc5_var,mfcc5_skewness,mfcc5_kurtosis,mfcc5_vel_mean,mfcc5_vel_var,mfcc5_vel_skewness,mfcc5_vel_kurtosis,mfcc5_accel_mean,mfcc5_accel_var,mfcc5_accel_skewness,mfcc5_accel_kurtosis,mfcc6_mean,mfcc6_var,mfcc6_skewness,mfcc6_kurtosis,mfcc6_vel_mean,mfcc6_vel_var,mfcc6_vel_skewness,mfcc6_vel_kurtosis,mfcc6_accel_mean,mfcc6_accel_var,mfcc6_accel_skewness,mfcc6_accel_kurtosis,mfcc7_mean,mfcc7_var,mfcc7_skewness,mfcc7_kurtosis,mfcc7_vel_mean,mfcc7_vel_var,mfcc7_vel_skewness,mfcc7_vel_kurtosis,mfcc7_accel_mean,mfcc7_accel_var,mfcc7_accel_skewness,mfcc7_accel_kurtosis,mfcc8_mean,mfcc8_var,mfcc8_skewness,mfcc8_kurtosis,mfcc8_vel_mean,mfcc8_vel_var,mfcc8_vel_skewness,mfcc8_vel_kurtosis,mfcc8_accel_mean,mfcc8_accel_var,mfcc8_accel_skewness,mfcc8_accel_kurtosis,mfcc9_mean,mfcc9_var,mfcc9_skewness,mfcc9_kurtosis,mfcc9_vel_mean,mfcc9_vel_var,mfcc9_vel_skewness,mfcc9_vel_kurtosis,mfcc9_accel_mean,mfcc9_accel_var,mfcc9_accel_skewness,mfcc9_accel_kurtosis,mfcc10_mean,mfcc10_var,mfcc10_skewness,mfcc10_kurtosis,mfcc10_vel_mean,mfcc10_vel_var,mfcc10_vel_skewness,mfcc10_vel_kurtosis,mfcc10_accel_mean,mfcc10_accel_var,mfcc10_accel_skewness,mfcc10_accel_kurtosis,mfcc11_mean,mfcc11_var,mfcc11_skewness,mfcc11_kurtosis,mfcc11_vel_mean,mfcc11_vel_var,mfcc11_vel_skewness,mfcc11_vel_kurtosis,mfcc11_accel_mean,mfcc11_accel_var,mfcc11_accel_skewness,mfcc11_accel_kurtosis,mfcc12_mean,mfcc12_var,mfcc12_skewness,mfcc12_kurtosis,mfcc12_vel_mean,mfcc12_vel_var,mfcc12_vel_skewness,mfcc12_vel_kurtosis,mfcc12_accel_mean,mfcc12_accel_var,mfcc12_accel_skewness,mfcc12_accel_kurtosis,mfcc13_mean,mfcc13_var,mfcc13_skewness,mfcc13_kurtosis,mfcc13_vel_mean,mfcc13_vel_var,mfcc13_vel_skewness,mfcc13_vel_kurtosis,mfcc13_accel_mean,mfcc13_accel_var,mfcc13_accel_skewness,mfcc13_accel_kurtosis,mfcc_skewness,mfcc_kurtosis,label
016-0,9.670024251084026,3.3703462875160426,0.665131289576083,-0.6742586087385187,-0.00021685829927055197,0.019547180677610222,-0.3045004955764657,5.200138714103627,7.317169045887235e-05,0.003650477240793284,0.7249151305446669,6.841494177485943,-7.410512129186778,260.44465039367316,-0.3518328554160248,-0.8013313121046033,-0.0024409110391726617,2.3443681986494456,-0.09744816266780623,2.1672710277785887,9.675050848144481e-05,1.1552658798381148,0.026222144720917596,2.3649629187382377,5.932172581695466,143.30198500110598,-0.3671661606424661,-0.1659386077141578,0.0010182828321551323,4.208747456340471,-0.1514168729613033,3.081150163439945,-0.004052538917393687,2.2207157181181225,-0.01760827917218706,3.7240699732335125,-2.398258851912863,390.79820486605144,-0.365908429252371,-0.9032758354047896,0.007242196311473894,7.44097598047103,0.0273917387477634,0.7801806791578603,-0.0035394716191323185,4.368696780542727,-0.007007289207404551,1.329518815034529,-1.414951211170103,391.49777409647874,-0.21725715905761792,-0.6905190848698903,0.010066272150357885,10.821805145956397,0.05880828769776516,0.6126157371950818,-0.0023474963226424173,6.534784365688125,0.006476096476269201,0.9061591715305082,-8.532210216789045,259.6743028120434,0.22875790619148353,-0.22748824576013238,0.012085256413038759,10.315604803956472,0.007548971260014527,0.5760717013679275,-0.00022862594234279173,6.134065446395178,0.006831149862592097,0.615990597826849,-9.62254930724753,319.56990790383065,-0.3129083880729908,-0.24435644925713174,0.00795387177378159,12.401300823310741,-0.09925832836010637,1.1125355423763592,-0.0008862482534881057,7.007671391678821,-0.01765048216157299,0.5570887560473441,-10.478956777444324,248.37051740268535,-0.07862941588167867,-0.030388829235801218,0.004084115012332053,13.341164615214236,-0.14542990590796911,0.5919147681570878,-0.00019876033528656688,7.784820326067495,-0.0016163103670880715,0.5030079926985747,-9.978243234300143,184.66953773459807,-0.2122392527854773,0.27038980351596953,0.0030174081335601626,12.492702155429026,-0.07373763486195231,0.48782284560456546,-0.0008070555835288464,7.324381582832005,0.1683706129946525,0.58677864731423,-4.905651467103285,227.74395457112257,0.05086929502640815,0.17965868273469,0.006385834312216374,12.841133621512038,0.03709767129746068,0.33203382551946925,-0.0016585462975455955,7.680593652848293,0.04024168996544661,0.24957861959705996,-3.250234503779642,230.11581194328784,-0.4041086119928478,0.18350550859673298,0.002287784117275494,11.561926548204594,0.025353292740542866,0.09720319990998227,-0.00039446510892106546,7.0108096115577485,0.06971532722517614,0.1558720275422707,-2.6002216532436297,135.45369448621997,-0.016169796809087502,-0.3745908301183958,-0.0016300558731899282,10.71371235050701,0.0075722238339146755,0.24677910802502412,0.001581660235858358,6.618338498890544,0.13589898502191014,0.334069740411691,-3.671028404218212,175.60043781600976,0.007700080208157927,-0.23901893182486766,-0.0005642158183913743,10.098944373549445,0.014878661286846532,0.8711285415403607,0.0018780031595186466,6.008839814416305,0.12537089680562574,0.8949221006994796,-5.4333947901151864,127.32866826297752,-0.03500018612785828,0.08528968105095425,-0.001569559111253857,8.39747137569618,0.006560917344214301,0.3251529383818319,0.0007896001414991692,4.955525440794728,0.14917158413000245,0.4880095526540513,0.8285949347251195,0.5635574140089412,2
016-1,10.595765411436378,3.0961663486267104,0.34481691949520277,-1.1257291270522924,-2.278795771799855e-05,0.015086375986741523,-1.006765515717669,6.388535061931432,-0.00012060804433122559,0.002840021987878084,0.43389647127889935,5.840983317129343,-18.69343072849555,297.0264872614485,0.11764002187760224,-1.3740219058116476,0.0007397575391314979,3.395685539074275,-0.10141045786822495,3.195323147061295,-4.299113603087758e-05,2.155186244097067,-0.22734708967202474,5.122591961990578,-1.7121633942422234,88.71970109960382,-0.5667488057561665,0.32542631618155937,0.0012802088017917037,2.7592502167475907,0.10696094627781519,0.8568058068070501,-0.0012985237269822131,1.5086925314184552,0.12480932725867001,1.0626764083803772,1.9920708573291523,334.9337569206076,-0.2726397479354265,-0.45560515586703687,0.0017093874996896687,5.677166923530282,0.032521826532545574,0.7606378154442917,-0.003440218424197047,3.2939441402983363,-0.03673814355258586,0.6248165444643989,1.810282321444905,351.28392032954656,-0.27561472359979877,-0.872708801421795,0.0071448312792262055,12.424339051708477,0.04513569025152075,1.3341107134083998,-0.001753633228986364,8.117853497412488,-0.15041452064214927,1.8463409884769186,-3.622649745249869,452.4448356253007,-0.22519235189226477,-0.78090746271516,-0.0069168440832979156,15.59049257013192,0.06310802627462894,1.4737429342952888,0.003485073981848585,9.975734208486928,-0.15391420860694707,2.0422627714556016,-3.4319986060752115,414.5712987763186,-0.022576200595299398,-0.5104077029599225,-0.01587767081549044,12.558600530389189,-0.07994351535631473,0.5051756293107097,0.0028004628152200864,7.911711679508102,-0.03959329909374193,0.8515934854633556,-5.003472163740901,276.3131771658107,0.06688160799152029,-0.12286050922909553,-0.01738081065143175,11.935521387530114,0.005216796374803754,0.7267351842481347,-0.0025078237685641196,6.622325527115589,0.11444584042538854,1.0211286587915032,-9.235610737396707,199.23583848919614,0.13453727146459774,-0.18852041271926323,0.0018647853176366898,13.380563739373192,-0.18981779623396186,1.2290651739548402,-0.0031173397862392766,7.513931774385627,0.2494562577744377,0.8134669985588006,-4.697881890498782,179.15638855562773,-0.10737054801829261,-0.17332929022184418,0.0014100221424797582,12.162204956710575,-0.02454800326652174,0.22180836646900426,-0.0016713583673206146,6.985975857768585,-0.015743709625866048,0.26317165984144353,-5.675856996125581,187.5899796289509,-0.4407081640730772,0.2149833565726742,-0.01658833650755484,11.080239291101902,0.06485348225246501,0.04694669124403994,0.0015014593548314888,5.985592647764451,0.04027947450898858,-0.008694698772466758,-3.2624633097429165,149.04612921088685,0.016162108701189188,-0.25342441485029843,0.0014134117668728051,9.837957467894217,0.02362431372001431,0.24020607373458347,0.0008943076692540689,5.310087420788051,0.04033336301621087,0.3240666511146131,0.09481798758631389,163.5682481323843,0.3302823245780278,0.234245450419174,0.004624124928172747,9.831732414582476,0.060367834761801874,0.34217520769488186,0.003274804624128069,5.350668712383415,0.1590830671696296,0.6134876023053546,-5.360427161987285,90.9369736428584,-0.0048395340066673944,0.5578570333990691,-0.003975880658341671,8.784601239199747,-0.09492689338005002,0.11509864510213719,0.0009357972291227278,4.937163402203315,0.06617871365107661,0.2739511394322167,-1.4091761481629883,2.185585964994625,2
016-3,12.65366825128041,12.359345423039962,-0.8049136994693691,-0.6913571106745375,0.0006118566912948311,0.05304834489396522,-1.8154406885526884,12.070036109314307,-9.089770531283488e-05,0.013341618921182541,1.0195641825506219,17.931739627351867,4.403249950936696,698.5426983540508,-0.7141588083157078,-0.9327541055105208,-0.0010812513351601968,7.374823868098716,-0.16018072087255883,3.0650941698347376,-0.00045781549137459507,3.944317412829048,0.18703425288805647,4.833974016467847,7.5272397067869505,175.10495731930445,-0.3076848586360175,0.38289517283871355,-0.0006384491733962643,8.155658920277071,0.22498146665327123,2.8353110586607144,0.0003726887652431183,5.032718183824377,0.0829012793207654,3.0903763183131705,-2.0378291011589726,301.19806494435886,0.02732757301794453,-0.24380554320364478,0.0039705216748793,9.694921437766551,0.18491915901645378,1.6521662756822773,0.0008315205626836549,5.6952516816119045,0.07660635155086222,2.3047118985425925,-2.681724169537425,396.6401827919603,0.04321569360263656,-0.744711428285858,-0.01163220935421498,10.617859511259262,0.26621412389964083,2.1984435102586763,-0.00027524582684963593,6.287156819490331,0.06460492945879659,1.457599939563817,-6.86682452057182,216.57197248717458,0.10878064967778801,-0.12568562877741885,-0.005891020675524074,10.032121681592303,0.1051584351840049,0.8623213175105695,0.000442699899033007,5.8199888594840266,-0.005749770332113515,1.0179216798649193,-11.43093542227131,286.22689465364874,0.08139533287009226,-0.5390211155432567,-0.0028868577941209765,12.954691868719742,0.02689045091066259,0.6134878059762428,0.00013112427275014076,7.711956258141401,-0.18977619105085453,1.0787322092553389,-7.730041895124743,408.8431001485033,0.07938114747646925,-0.3960925873997052,0.006868086822660606,16.46622681114811,0.017144975997689438,1.3531505633143768,0.0003660213522525443,10.332861363289132,-0.049910154905447514,1.2201515330236807,-5.948244474861805,229.02541505505062,-0.13875515778433561,0.4343283212350526,0.002885004285996022,13.351515710983481,0.04347033620216004,0.76871700521869,-0.0006502254027716606,7.947624011916348,-0.08658445751973308,0.947369604743197,2.375533955485292,251.45219715539878,-0.11051360046652829,0.16937190480299558,-0.012149616024162268,15.220233919178758,-0.1594651299509098,1.011478318120541,-0.0023566312528144682,9.23455522096601,-0.00018883402238216532,1.0898773994058777,2.510476695434284,294.55991680764197,-0.3020778759126183,-0.25859253553548234,-0.005877200905780407,13.515731984024512,0.06299163565014311,0.6069711849140114,-0.0006996167088722918,8.120512803272891,0.07318499142179638,0.8222273821941348,-0.6617714516836412,139.91126540097042,0.05957812051682554,0.11410761584086337,-0.002346305751066492,11.967298124036592,0.23889997796278709,1.1683316534012214,7.135591614224668e-05,7.2710228561050725,0.07554035445397116,1.1378616309444975,3.3533391536562633,182.01220077846952,0.12314752866731561,0.4074779737751233,-0.0034300769841728936,11.735355224455756,0.1289033318318426,1.2739109948984808,9.286844599518839e-05,7.223734316529343,-0.025094608959087644,1.7221126035247387,-7.524790030209985,179.68119842820525,-0.036504748231459265,-0.07860482863952134,-0.0002731724467671372,10.45006577987182,0.21100169068919958,1.5968304133705438,-0.00037148106808201193,6.264810174555417,-0.059657927475802876,1.8743134579473208,-0.014331059911339799,-1.1340589621588124,2
016-4,11.254169204635502,13.202446532780296,-0.17782178276041477,-1.308070701904392,-1.445132185378862e-06,0.04946598240576947,-0.9791418013088599,8.51842263606035,-4.280979747327505e-05,0.010274354695986644,0.6321165954308654,14.267594045255574,4.51506398930865,597.5733014624799,-0.5350115619452799,-0.9788759716300643,-0.0015076878083262843,6.4097684059135895,-0.08133444041209388,1.6683006298488845,-0.0008127264362984757,3.618952899526637,0.2344637507918051,2.789152814897389,6.053361107578951,274.12508691442304,-0.06342992655691279,-0.09937184142604583,0.0012329592175492714,7.884638288844477,0.1973208842026394,3.3941563151644987,0.0004934627518342314,4.5831124455621275,-0.10888833218403597,4.351009250687612,-2.239501297562665,299.01704239205435,0.08289903426851523,-0.43056179743568546,0.0014991376840724107,10.110282306881215,0.024172614334952665,1.879294048354934,0.00030934121739091314,6.290982003960526,-0.3447140275272689,2.6534754073121345,5.283121917367358,362.9782770640449,0.13000298454316886,0.15186739594716858,-0.0005570343770411216,11.848591098168367,0.03191366680850923,1.9983194719276263,0.00013893721870826632,7.502451094156875,-0.15662665555113583,2.7279205627270775,-3.2953818318526773,284.7587720855882,0.3988482047606435,0.6702633482477651,0.0006767054130318517,11.325429871662388,0.041742425745215854,1.2246795050455868,0.0008470528828605947,6.895877382887847,-0.17625146406979897,1.6318587679123482,-4.791706399932506,417.1279741697282,-0.0031579640640514127,-0.054406184362236765,0.0016472707246492572,13.61054311136431,-0.09164372093658531,1.3147676812542457,-0.0003185433023628249,8.450233962948259,-0.08339280664669563,1.6661194770180918,-10.160823893478344,352.61458591760976,-0.11818473892527591,-0.03708871588649565,0.0021942221592461306,14.6242234999251,-0.007525626486368757,1.6836918497334459,-7.48980253308532e-05,8.904740929684483,-0.17740869724682387,2.2453122121877556,-2.902287698597208,338.9353420935251,0.4081588198668465,0.35249469659206456,0.0002415762894008387,13.108650634903077,-0.0028900948381312816,1.4638592183499393,0.000700320843180354,8.069163964267384,-0.20433285396464998,1.6706555155726974,0.09061489341267939,222.35449181585082,0.11891028248041012,0.4109439200821301,-0.0012360977837658415,12.469337013887477,-0.03378246708549865,0.9595286785106976,0.0003650139667729329,7.43284003746169,-0.10648315570622358,1.1370788720044542,1.1916121229322505,223.41756960908054,-0.07115855749741282,0.3273792537177629,-0.0009161132388499686,11.932277310753422,0.03478051743413409,1.0484516588911683,-0.0003628074995952155,7.1487371999966625,0.011753291902795704,1.4671918732466747,1.1998372041496175,163.76728420152799,-0.16238454717462023,0.02316290187890324,-0.0015358470409970145,10.270163338150736,-0.021138124079045074,0.6754182234602797,0.00038977813436082284,5.94072962739007,-0.008248309988754567,0.7190409168226353,-3.004110764025698,185.9024213858025,-0.17545252831563163,0.14652926178837555,-0.00046695627460950325,10.184295481004849,-0.0860071574543213,0.8784127240880473,-0.00020587705765912233,6.042960218695152,0.10659597207466039,1.1109715998638503,-5.030054499003669,136.03877373842815,-0.3226988689891501,0.028322604152247965,0.0004076026855497717,7.822303111074623,-0.014864053559005143,0.5750689521883761,2.878317691353842e-05,4.617091941380834,0.09354363477608137,0.798534272366898,-0.10621655204595258,-0.5714306818981045,2
024-1,11.382153146031975,6.763657430020175,0.23137069958814285,-1.3785905666700038,0.0004063317304449087,0.046561039518563656,-1.4333658476940319,9.444695497515685,-7.73023745306194e-05,0.009650347686996118,0.8308251135772297,13.088780970835177,-10.91408379108437,341.55104592726326,-0.0511098971220243,-1.2484501893141828,0.0008177728062229482,4.0445137583407895,-0.11226448585280623,3.0728178741971677,-0.0003427432715190241,2.2277320676916665,0.1152660773577455,4.374912111768567,1.178638045263882,410.9399901462401,-0.03978835155849879,-0.7395337321334692,-0.004081707380134394,5.969835060682451,0.16102338828680687,2.8917845369063926,-2.0852447605680483e-05,3.005978088258787,-0.12908999310031044,2.488561772808313,-1.2905207492899378,433.70140388703334,0.30693462794856263,-0.18655407672583824,-0.00228562878349498,9.916604349923325,-0.113857169577987,1.764241506094539,-0.0003429261798425975,5.658457744195509,-0.12997796129084643,1.7097589786212541,2.945132232600113,376.40969356839946,-0.21840637465714402,-0.32327207549267234,-0.004661476638064867,13.30889355304054,0.11207838774199066,1.0597799523180331,-0.00022604637123209865,7.936939778393917,-0.06058590282635591,1.0754590462827034,-8.708497517649665,560.4601862187368,-0.19784869820469567,-0.35366628176052517,-0.001188954131924193,16.27102149203443,0.0009408383261984682,1.4648090807971128,-0.0008455395526618667,9.969589641887788,-0.12161926612468013,1.930833559587942,-5.228401383205286,419.1314333724413,0.004872626723628764,-0.4167113621622174,1.83563973662554e-05,16.985510685507194,-0.04709655946845249,0.6837703833443527,-0.0006470986502121285,10.09976669256589,-0.015797040925954783,1.044427898893809,-10.037913298966874,413.1870427385471,-0.2909320935395215,-0.2116505931966497,0.0027447431717275185,17.052449237247174,0.06706353149274703,0.42327359810213805,0.00043264559336442384,10.134923576580578,-0.04726505902375254,0.5856957196421821,-11.722209054639361,250.3632810386843,-0.062362045800554766,0.07731847820831472,0.0006577417241558184,15.989373648368273,0.01830617614026575,0.3931928847979469,-0.00032613106855810885,9.39357299705647,-0.003853685780974029,0.46101505484799876,-5.80441139121593,247.15322769284884,-0.1453318368123906,0.5145533438719614,-0.0008979945593524446,15.495063849037363,-0.01488791729352634,0.4154917587219211,-0.00047508706301941565,9.145840071179732,0.058680699121383,0.3870941236630996,-2.2517536892282877,262.95201257337317,0.11110216682654761,-0.13021035246747648,0.0003888870041426016,14.783114064682888,-0.009029618616056336,0.39553315267963773,-0.0007634066216837149,8.728887546167526,0.04373111814395907,0.4387747067135668,-4.099405000917861,181.5611050519075,-0.004732275651698343,-0.10708904932594798,-0.0016448307766017399,12.862104305217407,0.008491093624578871,0.41902963000268567,-0.00013528581536273595,7.754771365146493,0.0811198665886782,0.5131760664614213,-3.901381464012944,222.72732750060456,-0.14150706439362387,-0.03432544085231326,0.002496753504608514,11.87453493984675,0.018491834114998613,0.47268792604666476,-0.00039528426562632457,6.95187858518134,0.07694207524465106,0.7455499763814966,-5.683915918691869,167.46658285282862,-0.12484094961971075,0.132936596620576,-0.0021290225464359125,10.384754320735025,-0.039915488837611916,0.11543714311770881,-6.4427348111561636e-06,6.119103746330251,0.03290825312313547,0.30221597732518735,0.14121667675969365,-0.876364681339882,2
024-2,13.092052465076508,11.781718716506754,-0.22712436744896727,-1.1541258958273308,-0.00032655729908967213,0.06594468830198784,-2.21597264473559,15.870274740895347,-2.564698966571541e-05,0.015849604212617767,0.8426163993718635,23.996182025888647,-5.788078365501343,409.4151820051733,-0.3012271791626197,-0.9082367901920736,-0.003281132066736311,7.648044075650918,-0.06943340480620523,4.103792691522374,0.0008220226978106945,4.509600966450663,0.3219031518285815,4.964661879389879,-4.975855289469891,268.256340870656,0.09428545129838184,-0.3171265819808484,-0.002277353271145905,7.585338806814514,0.5849810091186461,4.601337254982134,-0.00033090709614947404,4.277523906717093,0.04170537439648891,2.8136585531804412,0.37140150777154923,662.8650966346892,0.05717892493907662,-0.7130665313276587,0.0026566885969377574,13.714992077725,-0.03384261123798213,2.2986920951455607,-0.00033331650300786095,8.225856905951451,-0.04308755219779618,2.510297518587354,1.6516785568023322,634.966008243098,0.26779353651426885,-0.5218313402053361,0.0036334646025823697,16.273957656902418,0.02768787985396159,1.514983854574008,0.0005763537504724545,9.806633025439414,-0.1320403635709301,1.4270006470876444,-10.43033804712583,837.4209548103652,0.04904036393400395,-0.6668488226309814,0.001771814622725271,21.3401186311888,-0.038453319613305906,1.559759873728007,0.0006611380990807457,13.053932493063405,-0.14522679105227496,2.0963437285684448,-12.93755338793444,495.10626001015555,0.17012046127514027,-0.11824566554009142,0.003382032054156676,19.276134276814517,0.03505760628786642,0.8382964962590984,0.000764907817390847,11.60055856748052,-0.08492831882526829,1.038628431192163,-13.157308295370726,327.6399977847859,-0.37403545988025894,0.26663805381973393,0.0008234024500380955,19.355644530644422,-0.009184903635153098,1.3360283185383102,0.0013286049454813,11.755978733780182,0.08553682088351024,1.3283936471360747,-8.23314177010798,302.64226371084214,0.10036946590382335,0.3852132217152091,-0.0033856691835129154,17.19419149185467,-0.14237720319706113,1.1820418531596895,-0.0007617515539462663,10.550724993780891,0.05910773456292349,1.109260829781773,-1.9363907078204274,279.5107562545157,0.04808115210883749,0.049070033741006824,-0.001164644801184491,16.847905085329824,-0.06977110101085596,1.0272543784350585,-0.001308071906749773,10.063701891707213,0.0162667492886723,1.0314032483955087,-6.245509960305902,202.89062320509052,0.04476846609492435,0.14057651986080133,0.00021074581076255337,15.09627795983106,0.038363970046866855,0.8228804245528747,-0.0006826487723468709,9.257803056281103,-0.014108193662833592,1.1139033415945283,-1.457482520530123,196.4628214639179,-0.1602342298008209,0.17829956462726493,0.000516364968764006,13.75942881313496,0.0024824010148831064,0.6090668810363034,0.0005448065910372535,8.491472882263363,0.035946657523919415,0.7357894346005591,-5.544238864906167,217.0391747571231,-0.10372180045836545,0.2915440040758721,6.171610003148249e-05,12.56095972040472,-0.04012475999374845,0.8339164525022222,-0.00039306315391630676,7.537066193364852,0.11906090818638689,1.4199650725160762,-7.597462086618029,162.33616002191312,-0.45284217900294865,0.15577357639126266,-0.000650736878790496,9.752553114674814,0.02625684399937324,0.7479137665843902,-0.0009940278090559756,5.818437401701631,0.16955192631974356,0.9299502558253883,-0.03267848772577664,-0.9239894660737127,2
030-0,14.463538047868065,6.096475184520733,-0.06831773545288074,-0.7218620236034519,0.0003016688748482521,0.07966976505771187,-1.2664097090593165,6.93313290532463,-4.259198271213456e-05,0.018540960878883628,0.5775652698844554,8.81898087933658,-7.019199796688924,361.29247425476683,-0.5575281722810175,-0.509878560040387,-0.0015099124555070565,7.284120431937961,-0.04130394808130452,2.7003581682742848,0.00013272652328365778,4.133969468978819,0.21569487916351926,4.835205241306633,-1.0841261402156694,273.6711464185045,0.5222178171218538,0.16749222802337949,-0.0038252310092118744,9.19525222779711,0.2756725004292994,2.693439901163627,0.0005017443015288337,5.389299979055479,0.03644987617708057,3.094367627733731,-10.153758713380311,445.71629433386073,0.019078316364413934,-0.4445881299308767,0.002242645035075896,15.650600941708722,-0.06859138624567766,1.322145881548792,0.00029382882963131026,10.010481456736018,-0.10757461146839457,1.8089833045512655,1.7962080477527151,604.090063051455,0.076429496550707,-0.45519536926171256,-0.0009802521661562281,17.391925892986354,0.09439798880103273,1.0564149857370815,0.0008297361658790744,10.911795349295165,-0.07575564566795538,1.593904811446846,-3.067780417154294,353.550973241179,-0.19745440401937173,0.35646041619596147,0.0013474965217271917,17.077528303568712,-0.05694122363686559,0.8617420820446426,0.0004619285211967555,10.613157207880993,-0.05708403629517201,0.9368014687987554,-22.086563015521115,584.060252211223,0.3625381615660429,0.1988274727859798,-0.0007156467189667131,19.326441466106125,0.07586109987780892,0.8448311866212772,0.0006473131185307203,11.768564471213148,0.03588077488468008,1.0406782598462225,-6.66716354140426,607.056762112763,-0.14472301674062096,-0.33948763672168836,-0.00014109308470068655,22.478633634779296,0.09990517137188354,0.97731813394015,0.00035554307104191177,13.292893930212273,0.026354453077765523,1.4331479015258983,-13.742494544994365,385.94272846097596,-0.12917884923652478,0.16018514718069232,0.002468434253056374,20.301937540385797,-0.06631516951230014,0.7421599648236792,-0.00040320535283871166,12.669530447922844,0.03833625852528549,1.087348573198148,-2.4370332020949657,443.86127816134103,-0.2675580299222362,0.08140214461871187,0.0008502358560354734,20.70315369570744,-0.03610561962121642,1.0204740853948948,-7.80234688252045e-05,12.465149235979787,0.07896293283512164,1.6517283997590528,-0.6710985098200486,285.31744779195844,-0.13301935800852485,0.2311421043052011,0.00037785944584653924,17.929850378320744,-0.0027280238375849554,0.521080989727444,0.0004894901415475237,10.819003276908331,0.015005564780991045,0.6101217358257798,-4.045505949515581,350.35323101037756,-0.017354271335011152,0.9283594827656323,-0.0014624456088228328,16.970370736173347,-0.013174701227114661,0.5361349461738327,0.0004915109425894656,10.402410687673589,0.0822029136508741,0.7082836162112964,6.14944190447249,349.98937674078485,-0.0600089198831705,0.11247395680888417,-0.003332691657601008,16.562028389465162,-0.07956592430469048,0.603723449576496,0.00015594033107372792,10.008544323829371,0.09097230701432271,0.8306743145575037,-10.668444716089335,320.0533385554387,-0.338607571079744,0.30902557172406686,0.0005753305515440707,14.931264101560359,0.03154073036449158,0.8472931685399212,0.00024520575988118474,8.967481231100491,0.025906196916548475,1.0247168407883782,-0.6236782811484359,0.19115782699819306,2
030-1,11.62283400481002,4.82313190550484,0.2770115629268977,-0.40576665697568703,0.0003897413874809895,0.04595650180544948,-1.3094097011682262,6.45280945324895,-2.4737475345811663e-05,0.010343024777691185,0.5950323027379623,6.833862383463222,-11.801599804798066,281.41880566726053,-0.34048316637882947,-0.7058549098306726,0.0006947274138602789,5.470380284482133,-0.058107692420998766,4.853999286249273,8.73106365727104e-06,3.1282514961692356,0.18119381135474502,8.311055870920843,0.9120918138113481,165.88510409339096,-0.03932828690429752,-0.1380960435249463,-0.0005294585296859468,5.707208082719043,0.03542116283420708,2.134140796692358,-0.00022199978950719724,3.3689260989491157,0.1472923501569021,2.9389063390045447,0.014612049614329537,362.54855914414003,0.09301290918232256,-0.45573116945615766,0.0020190670479738,9.52679520233867,0.16058522022476823,1.7396329997601594,8.356635558804995e-05,5.643440832744507,-0.04699447630357658,1.6120613625087081,-3.5417543054194947,594.3917264453993,0.15826902109038302,-0.4333079217843827,0.00020208449634414168,14.799110631802488,0.09835595908674653,1.1854414441491734,0.000705383007324307,8.740816604333412,-0.09541556007826646,1.393419865443235,-6.834243841665978,292.5305885626346,-0.060672354083475925,-0.21076760904188818,0.003967987839869358,14.640553686449161,0.039837565176735014,0.6515653345288328,-0.0005931534371971136,8.863672947965282,-0.1105777584076152,0.8977982118728738,-8.57853328884009,375.3181309147094,0.12503414724093176,0.10234663911076902,2.1888237276127394e-05,15.515613955385088,0.10701773470312557,1.4933381684436586,0.0010008834505663329,9.460110965764763,0.0029028206646889735,0.9450475803796659,-12.377450037699694,615.2322587817876,-0.0790494159551523,-0.3800273784351229,0.0011119502298345928,18.391182524225467,-0.07384007792704367,1.1806615788614652,1.7109385091731063e-06,10.554120950173298,0.0482894260107381,1.1190434227598205,-12.02303196118286,288.5330254191303,-0.09638559458395864,-0.13558532534447965,0.0008290017548755052,17.69737685819441,-0.045954259056041794,0.8186936230242341,4.643138199479992e-05,10.476384456319526,0.10089107041946829,1.1599296649406634,-8.999621094956352,303.521203964237,-0.0776771354646025,0.1222806180568985,0.001079575044334689,16.65271315181844,-0.01166202954351996,0.4944465110024434,0.0004014640725555864,9.857209979268289,0.07152067843056807,0.5582628564755643,-6.965795430904948,271.08326150826275,-0.07514037932776636,0.04686273445124334,0.0014695801921100994,15.471688669065552,-0.004873867689610026,0.5670516212087993,-0.00012384625464756643,9.106556411998612,-0.022058195796674607,0.5537112907664237,0.4821874240153948,282.93694906112376,0.12809766644428347,0.11396847035304614,0.0012770457647377006,13.940925969138945,0.04400513777311139,0.17177216120742234,0.000378343868637652,8.042766255519188,-0.019763310246060733,0.40413735571194787,2.3864380008050583,213.3160765303047,0.28331313868631663,0.3126027113613383,0.00011448547303390587,12.386371706097389,-0.022791865195933143,0.4772652266936257,0.0001838032290278155,7.043232946496749,0.048228829213623904,0.499342510353908,-6.853417981272936,230.76629643794902,-0.2922542473741463,0.07230723957924612,-0.0015368578190900091,11.416018847940439,-0.02538110469484317,0.426272482807569,0.0001573626446850007,6.687929955735929,0.033639291582933335,0.43829558570693017,0.24943681154823752,-1.3375669948725941,2
033-0,14.257639977579661,6.050275752439871,-0.08934993999851788,-0.5560867208248381,0.0006921462872619816,0.04632401536485126,-0.7268880762415608,3.0077245930385432,-6.544364758467573e-05,0.007410287438561233,1.1071020761750028,7.721033351114508,-0.4777336496334638,315.5504467219442,-0.5784870118119122,-0.4429195738213738,-0.002566067628819059,5.879065769573232,-0.23357582577175925,2.261992811722876,-0.0005456239665582564,3.444382954940448,0.1790330890161665,3.208511942169512,-1.3819126438449907,442.5037881705139,0.43823826491018214,-0.05050674226808427,-0.004006915813145204,10.350097551923517,0.14337799386173358,1.308570338679151,-0.0004082038822277368,6.053249341857339,-0.09049920231918408,2.063722194639121,5.806065922103624,500.42969483090786,0.13391602877835124,-0.5336513242677579,0.0013886669516977575,15.584358499447346,0.0047792322970892,1.6309207279804347,0.0002973081753624673,10.067096832235078,-0.2202414954783834,2.1182251585900076,-7.498607547835774,488.532618458086,-0.06054254084252164,-0.4799293807247276,-0.003208136524978877,17.851827744910302,0.04822804006679919,0.8671173744178029,0.0010874119724542232,11.444297659044,-0.1362033986394314,1.2915103734578208,-4.5748507741047355,567.3486936797925,0.18288973101840256,-0.6737247091017644,0.0010830956232780386,16.702371048183792,0.07952701327632743,0.5296821136412149,0.00031004005568998147,10.317635879601026,-0.09565587511434784,0.8358887739942436,-12.702483827459947,472.23073048501254,0.2026168347429593,-0.19950449424411998,0.0010739213214254976,19.61517109492798,0.025605523492195092,0.7280327929207471,-0.0008467235306873045,12.434305387015094,0.04909191549934711,0.9592519208887826,-21.17795251529117,548.8277410236647,0.003704215405952257,-0.32819514534859584,0.00021596276464685223,20.591468410400765,-0.04433362547984669,0.8835121975083493,-0.0008961970270666768,12.733700207125466,0.04203860249577212,1.1457173251568635,-11.280857047647443,538.5083618204792,0.29930279519176,0.294057610963931,0.0015145239339791326,19.62532792652094,-0.007468205280547721,0.8261066781272857,0.00017382511224530497,12.165960704074203,0.09109438211031817,1.221031047110933,2.092016327914519,328.144194006381,-0.3014470035147525,0.12046011747104313,0.001611429947550527,17.979615830998426,-0.09010446947951102,0.4567330937173981,0.0012133225268497058,11.064477507962255,-0.013862706754488866,0.657685197400792,-2.291072097915424,344.6435148834428,-0.056066257677149844,0.27224360873461606,0.005209605102815266,15.75494987711884,0.03304031536603344,0.619156474490798,0.0005469561119744308,9.570646788024343,-0.04705179838591066,0.7378385479957217,-9.014494951294697,309.082217593044,0.028336115251694903,0.4425209143357347,0.0019577239008920617,14.936345565474584,0.02664926505971475,0.5331379501470712,0.000798490901371966,9.123730353354915,0.04372825390921778,0.8321196282762569,1.1222510558181307,239.9418122620949,-0.45888919106643256,0.4246509347789136,1.0123560221474653e-05,12.52153806625763,0.06942570481806783,0.264769653714803,0.0007124811108400307,7.628353986931163,-0.02599344245712414,0.35948239962824946,-2.869493564891584,205.9872182128057,-0.2538617741413051,0.3009101381981987,0.0010027327894949506,10.65520500283935,-0.05940145970167438,0.5731672969250501,-0.00016850477194526483,6.4584953115899815,0.024795999626993404,0.7047158013472297,-0.7044642972776162,0.011623773359201284,2
033-1,9.50388309595111,6.029290536925299,0.5080414179457331,-0.5219034596416914,0.0011418071946804726,0.03495183907141842,-1.7856608520519848,17.20804370708984,6.566782783666248e-05,0.00986733274620602,0.1939289019404817,21.86429343136532,-6.144834083019661,185.10678202094093,-0.005587956593096002,-0.8024678246155141,-0.008204300545267657,2.1912313865259017,-0.17408590328290585,3.279692106297272,0.0005875292195435776,1.0187517700115467,-0.0010770208536801677,2.8502707191915864,9.046920672745719,184.99537499065104,-1.0968070603859958,1.8821321153684565,-0.015187590482473553,4.082915758887097,0.3818915929619248,3.6618144428319876,-0.00048654968519529836,2.2025185037782937,0.04972511252467796,3.889603455104572,4.3038989193109645,293.76094201189176,0.47733777742325784,-0.12251420938612023,-0.002367679979765463,7.113991191582995,-0.11088749103895724,2.215683585930047,-0.00029110176051688703,3.9487355746421393,0.10720961280766893,2.462314932312693,2.0142880410955972,284.5261921336626,-0.8290747674039911,1.0347847030674684,-0.009855108540520135,8.83510916516422,0.09053500533603698,1.1004237596315187,0.0006306276078013945,4.969864001938469,-0.005090257813307353,1.0658630518733494,1.4057699710884572,147.02412678838374,-0.4477761715223779,0.5178916751168972,-0.0021054736106211162,8.831643876891938,-0.05169690912485349,0.5710360156670093,-1.1848815852648474e-05,5.0542694265843195,0.09886528202812908,0.9163571383726565,-4.234367924423221,239.48941991134637,-0.15791396021545154,-0.1970924847880755,-0.0022684880470437564,10.572530546126194,0.0796594469255619,0.6107783033604006,-0.0004410392818566389,5.735238141529473,0.07047072943905863,0.6068781664047425,-7.517744921917661,264.4285301195828,-0.18481695121742497,-0.12375470542582567,0.005318532003300114,11.762030501676456,0.07665427827815552,0.42873011667387484,0.00026146830717550557,6.215953417414107,0.14208216209081223,0.4032672120888434,-7.216620291752042,208.86501476482172,0.03386804784227537,0.10082733865047855,-0.0004672992077974849,12.517540932079655,-0.0679482917554666,0.45759723295880317,0.0001524609010577465,7.062185377749501,0.010454998670489078,0.7960571337144224,-6.38835399384735,168.57512357325146,0.07405372315529495,0.36020398626617034,0.004617282551959998,12.113160678782,0.03008539994948063,0.43694297414511896,-4.94261660838186e-05,6.980560493891606,0.04423216110243224,0.5452070739595896,-8.223522718084253,161.18349353259552,-0.007315122345418425,0.3716016631304613,-0.0016352165517264277,11.791049571263082,-0.06505580619859526,0.2168384556861911,0.00165432093144057,6.775762977585869,0.06055753158216666,0.42453687556928665,-7.376552652463232,172.6867370487103,0.0032957821274239548,0.09395809454318327,-0.001621584400285478,11.33104961234837,0.032112383624850034,0.35753574335978167,-0.00021650419232190977,6.571996995925087,0.09776285956205728,0.6255618142719301,-5.858075456398818,108.99615597449393,0.15505390330048016,0.014278462786628143,0.00693899756475632,10.480987309677522,0.017534239349706653,0.48334653723268817,-0.0006682925009583,6.029539707573117,0.14953450769558352,0.6511715789382615,-5.159015222498222,110.18246712453833,0.11645889267974276,0.4411479536259759,0.0030616278787327206,8.871755922028301,0.04698696284845531,0.17674946840649053,-0.00027018595742264327,5.097523903591389,0.07083919989550282,0.33967106915497824,1.0676121126847407,-0.18862489585783448,2
033-2,13.789603469120802,10.981623860907911,-0.4317653643317879,-0.7352810930805709,0.0005330495960404829,0.05806559169357403,-1.4468535544886296,7.1577810974678755,-6.0137179372117115e-06,0.011023202522282343,0.9395699800787681,15.336272728154821,-4.4283208977121795,402.3726282900301,-0.4898139471273978,-0.48106086278904003,-0.008970097051752805,8.008625666803917,0.06088725022837218,4.16962145579183,-4.856916143619304e-05,5.011251526463577,0.20359862834609488,5.466216693599685,-0.5644101638076425,413.87732401682723,0.44234901892133455,-0.4426255282438536,-0.0010351627655650626,10.071198595023782,0.03806726761821448,2.4820934122209213,-0.0006148062046237662,6.120053837821728,-0.16972602592992364,2.7487429735484534,5.471135856976165,461.1186713208727,-0.029022934360119372,-0.40161864099163846,0.0044321905597971565,15.722546477488535,-0.010806273992049642,1.3416212720296459,-0.0006682847218486132,10.42289974444416,-0.14169671953530014,1.6891304323370777,-2.894801100382689,582.1238997621441,0.2440922986265498,-0.2865013550421125,-0.0010460240867571872,18.74552191074997,0.05114210140165244,0.716418645060426,-0.0011891795099924073,12.26321958765134,-0.06748657434708209,0.8105307795832717,-15.747801301813773,723.1329416866902,-0.03405638794299807,-0.7679776051191092,0.0020891156793329925,20.45847346361684,0.05217163961686967,1.2702844983895973,2.0252395358255298e-05,13.063877608228985,-0.026684631712049274,1.661122414190122,-12.49059439272592,492.15548056974785,-0.14319538367461426,-0.20158573406469227,-0.0018150601285709604,20.015431153765235,-0.08325539606863738,0.795741598013417,0.000962655720529116,12.786722654549507,-0.027427651825693823,0.9738120957193162,-9.487491953402182,437.8405048735194,0.06944260847368819,-0.13809429640283089,-0.0004906369704622284,21.347175620524467,-0.033330410521461296,1.3132902570176261,0.0002718312436656345,13.447851445819794,-0.06436613783229929,1.7099811925832284,-14.578985362731913,383.7145390486322,-0.005491525996450747,-0.15032838322080444,0.0007871720949466754,18.629402244692706,0.018638955095788726,0.6627220295639948,-9.136183778865579e-05,11.527539331545746,0.02938088964743948,0.6706582406725201,-4.222730737523736,372.21669508931853,-0.16654922469732336,0.0032578586888214467,-0.00058954751102474,18.764126631943075,-0.04175579218956069,0.5299909035761914,-3.704347438609744e-05,11.79268360443001,0.024887331114234027,0.7305980875754376,0.5218875472339678,485.76984265388853,-0.029203046083197966,-0.4954358119740099,-0.0010011326783971187,17.240441616973254,-0.13095568760714868,0.9167582136926717,-6.503113787284096e-05,10.312253302361084,0.03034700253903698,0.8429870187800854,-7.664165308819812,300.03374158585405,-0.0804658823011671,-0.14706338839705113,0.004829418342388586,13.770105492245541,-0.0402036855701456,0.5579903590488131,0.0009085400586242306,8.273897447811834,0.08105286792395602,0.7322079533374111,0.2200530727776224,223.31512386771513,-0.4449613390369759,0.41037481196988645,0.0025559095743928188,12.194554294409302,0.023107858873051574,0.48213608105555883,0.0012915238360565397,7.252968914012631,-0.043646727256010674,0.5928807450772418,-4.190596989769861,215.0088041933781,-0.22133847545661256,0.3232348497731423,0.003975395006439647,11.313670930494816,-0.0014368406639089528,1.2230186059010606,6.102579671102648e-05,6.818105708908306,0.11038803961366438,1.3586590715084998,-0.18094826007516374,-0.8597191766435088,2
033-3,10.599143056013064,3.877116251211096,0.17722965361437115,-0.8109906493071257,3.961367866156877e-05,0.03037882020963462,-0.6627873489756317,5.261327079172997,-1.028846260124114e-05,0.004907003539217259,1.3116308187588313,9.63359786230822,-1.1205522364904514,390.8539762923577,-0.9735891142799108,-0.023482565999518368,0.0006304228918872891,4.422389452160296,-0.4976649878716184,3.312220911072882,-0.00010568513079646542,2.1349697029027723,0.04850652268039976,5.973067790160478,13.498548771753056,223.71795407003643,-0.0074588963577359325,-0.4008173636576666,0.001648948503950161,7.641772149321523,0.08492977179216452,1.6227737510087197,-0.0005324925198846832,4.472713498416877,-0.16989088353724083,2.1020653020769826,1.7428340111577165,259.715774051912,-0.00810834338825774,-0.4749889695466103,-0.001983476352258502,11.050988198808547,-0.00969523799383322,1.5212953861856926,8.900392290696312e-05,7.027572646272127,-0.23938190186076816,1.7611917263059222,1.6267680998116263,343.6175077429624,0.05209612929870952,-0.3030209801088204,-0.005083792109684132,12.390434316273653,-0.023059342226623383,0.8765614555386883,0.00018147282768579448,7.717926641481437,-0.06606124017679323,1.0881068802143057,-10.406269739468248,345.3776373757043,-0.05444375673149725,-0.08671919467582345,-0.0013430745961049068,12.20256623930851,-0.11198863119400032,2.0625594190965915,4.328124607922014e-05,7.283778681911555,-0.08073062199069353,2.111315486956384,-17.587051565390958,405.12083307608697,-0.1194421948814494,-0.3374978304432181,0.003956282636296018,16.20497433819271,0.03377452567709925,0.9635379316928274,-0.0007351373464196183,9.963306429432613,0.06512526140487158,1.1180698180631046,-19.387641958395648,329.2755943842766,0.2694577651267796,0.761443933384852,0.001451544912731778,17.090220917548326,-0.047073553291365665,1.0434838834344875,-0.000732469373126255,10.66113666720749,0.11171392946446737,1.180432505502612,-12.546072088238464,240.26917656296865,0.19913779874866244,0.45756372530020206,-0.002503260083564565,14.54812457876067,0.04321712540829952,0.8206345040598997,-0.0010933779782397529,8.957672234250696,0.004203186297164826,1.2247443293607176,-4.0012524932482885,196.384455859568,0.09578597965082013,0.3449684701106066,-3.2134252780540187e-06,14.229715464666036,0.035537288535749376,0.4749777551554013,-0.0006111029882973432,9.034407272093201,-0.005902647566281835,0.5999814484981054,-2.5253355946571325,291.67309965445384,0.07067987654722868,-0.18056866955520467,0.003694032940193529,12.456324441384465,-0.05695286355779085,0.2965628785317618,0.0002085657197887176,7.452730569927265,-0.005303947864146071,0.33482388313317024,-1.4426889483380505,207.11661654521225,0.15933193591217448,-0.09019103831069808,0.003762578041208453,11.472448951661763,0.002523842388796718,0.42245262818351437,3.266000417013886e-06,6.9727849719605866,-0.05022632635041697,0.6815236127599658,-0.7723393830987434,146.95565456782006,-0.028688872805176666,0.03921732187672822,0.0009397017010944613,9.537518819972439,0.0471968198930106,0.5039605777157421,-0.00010121954010934868,5.702774208872267,-0.0010423156375934939,0.6377616791860916,-3.58567887680208,165.96594285396773,-0.34720910578185715,0.3022234506587256,-0.0021085335802073953,9.410165451752752,0.0128727916653537,0.7694546944323881,-0.0005813166526841473,5.70875079287988,0.08865019957664151,0.8623923753783878,-0.03363415431908903,-0.1256397391113273,2
033-4,15.968244937409086,10.182084829723864,-0.39327865245363636,-0.9013307815472449,0.00017827485090155594,0.05790666583184154,-1.1870322262657695,6.743831259879224,-3.968179007329746e-06,0.011208234392916972,1.033839800348125,11.23449000498514,11.08746178597081,349.1079319680619,-0.8113396064475543,0.015630034581370467,0.0013229996309437745,9.535986012576716,-0.03297048032507353,1.6237897460196713,-0.00011717084350508597,6.116492261626203,-0.13533794210318945,2.476685148567473,-12.347009311899455,181.78731653184957,-0.2999381029533047,0.5445091709989729,-4.801434372541328e-05,8.541560126341126,-0.004846420618930923,1.4918649235995893,0.0001952825153325597,5.395385430570019,0.2611618488117259,1.8560658543227397,14.492217831957737,331.989869227004,-0.008511356489578367,-0.4724424563587175,0.00018674988980417625,14.528736516156432,-0.03924939008454906,1.4057850873101216,-0.000374330819376808,9.78291675273454,-0.19589164680218038,2.0537989543289763,-7.28043027706378,320.11055015997965,-0.0036323860143820602,-0.12344371413085886,-0.0004888894464893359,13.036017684165268,-0.033608970449906565,0.755618143220163,-0.000149360774040951,8.273214764415634,-0.01070230729239253,1.106802351287155,-4.159374065571111,547.9083880035746,0.4827913083549944,-0.13267924132520603,-0.001283336226806564,15.765614018235862,0.02458410331083407,0.7555752340763711,-0.00011926313100465619,9.747330426564455,-0.12086156838636336,1.0508879654843843,-12.30672376553624,590.4938281092201,0.4513776449239771,0.05550211125995608,-0.0011967254791101889,19.08050714574507,0.07431411755005961,1.346183174398429,0.00022746077391754793,11.499206834967133,-0.08442884575036173,1.9652229368655911,-6.92937262721556,591.3158081521138,0.5278558851995131,0.19717327883535285,-0.0027910777220009585,19.71647781426539,0.03250728628259596,0.7389216795419116,0.00020423049489874366,12.097686466107476,-0.15476947878396727,1.1122607870776626,-16.034217154652577,342.07677619249677,0.3471834566303838,0.33066202407208856,-0.002661912677969906,17.947660506584153,0.06878427965403715,1.328656040236841,-6.124574268174298e-05,10.98116599826502,0.012258700932945822,1.8636819873351156,-8.369107579097832,305.2770927985159,0.08263644722538564,-0.018277708928016168,-0.00250315938523164,16.30237143317353,0.04479044406996942,0.8424215838999212,0.00031921500136103723,9.657644261691487,0.028214341504299627,1.4032172898373787,-2.529684207821194,350.2498369866957,-0.11885933914862734,0.10971503683717243,-0.0006840744099172015,15.535442031228563,0.025300459684333376,0.6630661542390812,-0.00020886272435202425,9.35778484040607,-0.02200216192198765,1.0519900350718512,-2.985656165227969,277.24913650734504,0.07424308860057788,-0.13183844935786215,-0.00015931054402376646,13.849425101536442,-0.002135226807835362,1.1240909709841818,0.00017432943364132096,8.388666005947337,0.03375453339685229,1.6901574053997752,-1.5957368499346012,235.41776896433467,-0.30185178004986774,0.3148590595594629,0.0001747182864635016,12.005160901254577,0.023395469139286054,0.6777452342189565,-0.00021586310736810389,7.165105147788001,-0.019349821579839617,1.062239470488688,-4.891070404005129,185.74598907092627,-0.05374472137588554,0.38053035303770155,0.0005808658518350766,10.302555703652,-0.05525026553640573,1.3006515438753379,-0.0005094510976064167,6.007581267033559,0.030240305305951013,2.149069982279002,0.9489331252818458,0.26447732948090286,2
039-0,11.11436498920335,13.937019812367499,-0.09022034316802802,-1.4196214360355899,0.0005746361724201688,0.0584749061867305,-1.9013245766985374,14.048665064102902,8.992209896655232e-05,0.011701958427621444,1.5653226727715892,32.48652648072963,-2.5082147713498073,592.0585042322929,-0.4241683997634489,-1.3051410254900215,-0.0013774519678475725,6.7755580924851335,-0.051533529363497005,2.204425867566499,-0.000555958930304081,4.100838224156122,0.044993758937872094,2.589840877207381,4.5233157799185095,474.4575374345245,-0.2818925573851071,-0.641425983926954,-0.0073842612053425,11.607276724690168,0.20047019503891267,2.4825473721969935,-0.002301915710306359,7.248776611029241,-0.09415584886510635,3.005516959808543,0.41627149894474136,463.5717763187255,0.14217869767741093,0.04521202990041129,-0.0023046960064315187,15.554866231968678,0.04087759071447075,1.460999402109132,-0.0003002380273753031,9.919395740587374,-0.034839716340602754,2.2034465636040537,3.6148331332116963,344.7980646792315,-0.4687316241290979,-0.16982120460879324,0.003501076903665644,16.105150118501353,0.03301209064413067,0.7882320160347147,0.0018023397296831464,10.233415532133247,0.04060326089745973,0.8306241680678341,-18.360654474379196,740.0029654658812,-0.22848538481946226,-0.8569440750599697,0.005785473290219058,22.05088704943064,0.05408489551242447,2.748558211802738,0.0006271931694400711,14.339001045932607,0.007217459981094264,3.4737027564722602,-8.426188175732078,373.42142293532714,-0.26858473456392973,-0.36184137657249993,-0.0012095212212284926,18.182997012254408,0.026059834616787302,1.4442365875775058,-0.0014693426988463666,11.248089380375367,0.1736646106032155,1.3539395607670857,-8.978225686618874,369.4529189787454,-0.5940396654008461,0.06921599143214019,-0.004735336659852168,16.658811400548924,-0.0856674905262244,0.7290750302897173,-0.0019864149261728872,10.528969416347875,0.053606382773594224,0.9247895203814478,-11.352234589723324,370.92010615828565,-0.4417230770825535,-0.1269557271869104,-0.0015830039276626736,18.101059848523366,0.07233766776884946,0.9378283852582188,-0.00041786534841550295,11.603406163257416,0.07199730972389422,1.048835299250328,0.08840243922701475,258.2156533119141,-0.02183229086067424,0.4494535452659205,0.0015180987306336131,17.12518500384931,-0.053751435076869414,0.9208550276444387,0.0001676870672141421,10.635414793436233,-0.04138656645224082,0.9908146810296898,-2.7013743794348213,178.0478947407391,-0.27228899480728735,-0.1290015487652103,-0.0010087759822234304,13.033428602700283,0.05678134249082996,0.6962060759856485,0.0002400900548873454,8.288864284161303,0.04920207102555821,0.6962693205634376,-0.6692434077920283,143.5436948191281,-0.3454116901309133,0.11580224746635848,-0.0012018802870831043,12.026253218113807,0.08996234840262851,0.9400928418757304,-0.0006804097734368842,7.547880685851665,0.044297755279962235,0.9491330768389932,0.8686755585240321,158.62236007758895,-0.2813009681768728,1.0135648235080632,-0.001701375561986938,11.149099605038339,0.00553973616330194,1.0036367607956418,0.000611476945157046,6.860715350378783,0.06597657973884526,0.9716178343660058,-6.30728010312487,154.75375326051469,-0.8111329998325844,0.9274598597044874,-0.0007739604267433999,9.780964355727571,0.052099552544574004,1.0982661411353725,0.00015345293741469062,6.030494689263239,0.10896341759779148,1.2465974633698957,-0.7619002404628702,-0.15601223520287455,2
062-0,9.740847535674343,2.5813080885525217,0.1892400515288601,-0.967435687152562,0.000389975628714147,0.027921453842628435,-0.6538134225454101,3.3622545241842268,0.00010377580577347292,0.005328255477487258,1.1300332201155785,5.89392881610943,-2.824016854797131,206.62793859847014,-0.7168729719711199,-0.1464061939396588,-0.006539151683854492,2.0257479420413,-0.3341890857807217,2.296437995971024,0.0007329636913579913,0.7218556577771562,0.21066209801595853,1.9338967789122643,10.13006036809328,121.2716579748981,-0.35834300213523657,-0.16021948629486893,-0.01066449062885379,4.327336297959405,0.3807295410000129,3.0664744020534247,0.00013793547969119294,2.2687881737660756,0.1199649232175569,2.759547718836675,-6.313957303959479,234.29841494224294,0.1438244840578143,0.0025300776617269705,0.0013715323781485237,6.39538337759532,0.045506524767064446,1.2806648722091403,-0.003037704661761826,3.4601413147820184,-0.04618506998305159,1.4907928282890488,-2.558967129042195,265.02870728587027,-0.31340566885181104,-0.35922519909593964,-0.007545105453356727,8.338412770908509,0.04876311927822677,1.0193733753417842,-0.0040396362964973676,4.563252181305047,-0.10512069466818898,1.3399372492395738,-8.331783143252741,207.89829854810395,0.19311999406548133,-0.21279015807682145,-0.00893477082538931,8.510551767013343,0.25374361358490194,0.4858648717240235,-0.0035126164726371222,4.587358424130078,-0.008092297871174837,0.42943388853590125,-14.973962451587226,287.8070348319929,-0.07333611298124425,-0.19828023198924294,-0.003431743981274415,10.520206057296562,-0.1529798739340323,0.2933748217533574,-0.001310995749793291,5.889142684908143,0.08826872978694696,0.2686668014959803,-8.804895262487403,196.5311874726799,0.11439782477383355,-0.03441246508680873,0.014846432117822363,10.661335195860232,-0.011871743799066874,-0.005031105735848751,-0.00031585421548264054,5.988273286542177,0.03253659008163878,-0.010335940800334509,-2.1582956076470543,279.9162729783232,0.46446175402382667,0.06251048028486128,-0.0013975148110033921,11.948415188834913,-0.0717468146331841,0.456856402953695,0.0005367100125849319,6.527617556801844,0.037061939931726046,0.22394151833751152,-4.3814182051576624,175.59507904529582,-0.15985386013972241,-0.22656393403316555,-0.007911347184882303,11.285778198606325,0.045628727332729,0.24453362243998278,-0.0007911199006081738,6.386557385120797,0.06711531676158855,0.12211035664055325,-5.786039034752475,209.12372960194688,0.13365391185455136,-0.4888898067316334,-0.0028360522789525056,11.298320134790464,-0.049759963959280944,0.15189264329332364,-0.0026245411818730884,6.397468733462301,0.07755225546838583,0.2481932951734085,-2.715593283020869,139.84398847029402,0.20388365559553057,-0.09123144264795657,-0.0019338316045322235,10.227911085694071,0.02699326820763052,0.25782183162360495,-0.001094678336776273,5.846120112930418,-0.014713105695997465,0.05243655507721812,-4.714370596993443,148.3762352935872,0.16275140186983178,0.2810256946624139,-0.0021032000663126,9.415173086602334,0.06087604063216997,0.22335892080104003,-0.0015256600602051723,5.121778202909292,0.011440638566404352,0.11047633068705043,-9.220017549279083,120.67225193866159,0.2002786582853613,0.023336328738395196,-0.00136723473869043,8.42053407192977,0.13285089937834152,0.547929636628651,-0.00018160383503101164,4.559998902335586,-0.1219708012816022,0.26103411668890564,0.9737492957848781,2.041318808245517,2
062-3,13.012551806573466,16.59074227755022,-0.23300953081567397,-1.4033003909545947,-0.0001732236795162264,0.055960128435038545,-2.152354448969951,25.65948210207131,-0.00016146268781323033,0.015395701819940735,0.1753399827194499,33.14932114701857,-10.553103043135817,620.0917387129115,0.10830261399002292,-1.325240638081904,0.008667649272618988,8.77148975974063,-0.1798418535002906,1.9816026810255973,-0.00046336726682450987,5.098337832204093,0.08928375540617033,2.8098458008679392,2.4888361398021637,279.2901441601819,-0.4770353139055875,0.02438460915858398,0.00556812637056673,9.229228458775543,-0.027393404883050376,3.0583086748833335,-0.0011233782513542022,5.796168456931106,0.039127106419886995,4.070421895270323,-3.033312044256519,233.82513398044088,-0.15305002511090318,0.7132149417591487,0.0008144018310629897,9.23052787304341,0.06454795847195521,1.1527364110357272,-0.001080399337442471,5.453010105044272,0.12303655291477768,1.0693179410154876,0.48115683222606354,468.6553764290301,-0.24987962677083592,-0.0814257254373767,-0.0024367474618236184,12.830197055108426,0.10532256235519384,3.974441966566867,-0.0009864799619577226,7.458704953418401,0.1036152175823349,3.086524773073731,1.8726458501423187,201.50500352648328,0.3392324899034155,0.2762749992072062,-0.0020283479055442284,12.820665294299452,0.14696882904173353,0.9350033233748323,-0.0010072542326832851,7.803377111814651,-0.040659762464864364,0.9354452277491045,-5.740426017746094,784.0041187351518,-0.11131280704967254,-0.5888898156005435,-0.0030900717929941506,17.289538115125122,0.1669092880538112,1.216916039969865,-0.00042664019101653315,10.375125270450237,-0.12152582763683811,1.1542449343507775,-7.886070049571769,335.5761473604779,-0.18794588302377938,0.43099155356311547,-0.0006827752197410788,16.868029638028304,0.13059286575202586,1.4234285792941659,-0.0013072970985545838,10.258247491563388,-0.0046979740725389746,1.3676944152288728,-3.155482760661096,309.681972658998,-0.06702454563704259,-0.4001697666167727,0.004107849674343058,15.830152711509362,0.02785140588976401,1.047857184019498,0.0017575161346980034,9.831482300082325,-0.048151481538828034,1.1586666409122497,-4.257447745075425,371.87566491754313,-0.2238635421983422,0.30780312161560763,-0.004357237425812822,16.54041776792948,-0.01409525982072672,0.751006532797986,0.0013137887749094866,9.825590531970125,-0.010106075465801018,0.7988595592398422,-3.628603108302344,243.6422093899516,-0.23634389532267253,0.5380141897293034,-0.0072628012027301445,14.32815462272412,0.07812312266665114,0.8635680423484993,8.349446087035528e-05,8.954369035400587,0.015002801416516531,1.1752627179423891,0.5078141683538626,249.14489111409912,-0.14922227384704775,-0.24477797174525007,0.0073634442245204676,13.503388294283779,0.16387233139154803,0.4736769309693072,-0.00027380901366567343,8.328837050140795,-0.02790975220705875,0.33143611372200166,-5.593978659470786,226.1728338613536,-0.5985709142893105,0.7592634335678281,0.0022972880115789073,12.237550474332183,0.014301957480049147,0.4412230442146643,-0.0001911259151743654,7.494879697460842,0.07779278319645166,0.5026839751335257,-4.6545990716611385,229.31265032728928,-0.38183943790511254,-0.24424255724255728,-0.0016847854134585856,11.11304499158013,0.01572658669332547,0.7860902466244148,-0.00032335794832973204,6.882132401211789,0.02804314838896245,1.5155680478299214,-0.08589595455863965,-0.7035385565469467,2
120-4,14.109079765534787,12.689093245802095,-0.731092943593533,-0.12072233019274892,0.0008837360927916959,0.08942722755465109,-0.9440742361097534,5.895124826280343,-0.00010917863624190103,0.017866831714671568,1.032874417819974,10.391228246638509,11.470613889458964,518.9596134279349,-0.9623818773076099,0.0373479564176864,0.001824316940833556,9.892580624497796,-0.2212831482851915,2.5533536043031804,-0.0003138407297362824,5.693262072424198,0.35148422374719207,3.8764339449132166,2.574053978838226,338.4232865121169,0.06556557129290504,-0.61269069869086,-0.0023852969687025937,12.180546665012237,0.06228122155365418,2.252749623042183,0.00034591885401489734,7.536207376882086,-0.32902058158426073,3.685079876247813,0.6508298237266001,399.9444202911088,0.1979006299716357,-0.1505384637766336,-0.008286551890608907,14.553953214267082,0.08374779136801787,3.04135201447221,0.0004978092175275901,8.9893815246251,-0.2103323261424287,3.5059509953890524,-3.861052933233406,327.8220886298734,0.11291861924992103,-0.4283303276749417,-0.004853681760236989,12.562482820603755,-0.0658909360997656,1.2292292436362064,-0.0001414049438673679,7.823017582222257,-0.2348490927113363,1.5053974711027012,-9.618838751326267,256.4579255037009,0.1362637029907135,0.34758954224614813,0.001180100261091261,12.139352399095438,0.016681476441448212,1.2416137324176253,0.0005081550325715136,7.505701484841698,-0.140714313410598,1.056828895009759,-9.938414444281372,465.91521351928697,0.009052164423542456,0.020090137611362913,-0.006405445891656909,16.838182795424565,-0.09132593466778156,2.319326330236014,0.0006974768745254757,10.235907301370155,-0.07223335287655232,2.1849903439972467,-9.35847398228025,285.7644193834278,0.08629455843849605,-0.05392932380758175,0.0004914788664166259,14.239834865872336,0.16443359636183388,1.1210540095837125,0.00040504608672579354,8.514049721809616,-0.0711158100760019,0.8780567129204697,-6.892778559196693,279.30566585862704,0.04417858768761072,-0.23685434082837942,0.0014649399479534013,14.86311845746428,-0.058022641275688375,1.3481836575095345,-1.6118276859051747e-05,9.06559004301374,-0.08910064239470153,1.687287832071676,-3.868283755053756,232.15555695156954,0.091686414088088,0.1054525484741844,-0.0008759372423327392,14.134428172601009,0.0063954940287447954,1.0849455903477239,0.0006000186693134833,8.23880323547534,-0.05290526681860197,1.2353636292368266,-5.208663467840175,224.553311759698,-0.18032503398496671,0.3926234411276113,-0.002006288128754673,12.955900755644727,0.05329086168729886,1.0563076386989527,-0.00012739913584949175,7.932410646259162,-0.024714366604612476,1.1973324580612328,-6.715251346777914,196.8515192529661,-0.4129595511351437,0.3269643033292726,0.002116350894535682,13.178136966502406,-0.06915506797875787,1.317104559064612,-0.0003866967572048305,7.832489497139368,-0.008815877522411815,1.6583120928847084,-1.0967429365464711,137.8894156674692,-0.31768791759911363,0.34416034415735686,0.00037622886506607947,10.532226497546352,0.010054687593496418,1.254515540891198,-0.0004561267560246974,6.455008839904782,-0.04296860202917944,1.4059464162402042,-4.95673116316719,133.81677170710245,-0.5394256104775746,0.8083494148785002,-0.002814132392615071,9.53398775191771,-0.09796190082780187,1.6486754479919643,-0.0008532211813737413,5.738245063079323,0.07578788656839064,1.5906176233835252,1.2445655614281512,1.1652171626854857,2
172-1,11.22216527660209,4.220970878001657,-0.036535718579788067,-1.0469649096792475,0.00020364934864764128,0.038661713233867114,-1.0774438964762438,8.419438213309508,1.3248251849469674e-05,0.00865408679183351,0.8236754175549511,10.769272790414243,-6.150455797450115,506.6705093236566,-0.6128111803365829,-1.0615173174567536,0.0019258281158982384,5.492214045186384,-0.4278752179272723,2.980918064824233,0.000127960111118533,2.9132704061766823,-0.05328028587942618,4.009554381204927,9.966282130630018,212.36561520567838,-0.23071244640558444,-0.19540429318934516,-0.0007617662785297624,7.118806026578837,-0.011004748321384691,2.030842329057564,-0.0001822208113501759,3.907658251023408,-0.05755682782080226,2.8293750495436223,-0.08725693191615393,293.9212194392784,-0.12456421858515868,-0.3045940355434431,-0.003537161519234073,9.8653785686543,0.10865281168096706,1.4710376455784662,-0.0003608383814513961,6.000401181244579,-0.10511013938559613,1.5709241278559558,-0.8786952958464469,234.8097265351002,-0.4656514553062778,0.5403432070346068,-0.0018596291060483181,13.762128278006065,0.01618057793771185,1.751054887489448,0.0001818906636474072,8.792249211177861,-0.020592777319443017,1.6258994590926754,-8.832086558543375,424.1925236505153,-0.16983560924099547,-0.30692392063948937,0.0006859645606933608,16.629552419916678,0.11687384336089657,1.3349291696421268,0.00011738631643111146,10.306047004546782,-0.02686091291673434,1.759284355708445,-6.968908408300384,492.0018705263733,0.2035402111810938,-0.15560129313770155,-0.001987565232935185,18.302645538597876,0.14928698064188636,1.0274193515815258,-9.979117554787999e-05,11.16608484373686,-0.08951584393678184,1.165354028039867,-9.75353886140839,239.29995746746204,-0.09817019590617848,-0.07474259892673274,-0.005473907981325356,15.495882027110737,0.056679633023137554,0.3938019381299984,0.0004896445719369493,9.570235885807643,-0.029393964876051518,0.6469299639183514,-8.711251710862065,221.35508623408614,-0.15971920297025188,-0.07823207543114652,-0.005469333865467734,14.489299609063204,0.027371259189573265,0.27358222327866066,-0.00022399268736141204,8.831444039900111,0.06869427300077069,0.5568359348854273,-7.040393888173427,181.35311549117333,0.08246683018745127,-0.21975586362178,-0.0006917223261536481,12.992630607284276,-0.011860466820222296,0.4389652080005013,-0.0010785495733404557,7.793232772185421,0.045192979694304525,0.41161004318454797,-8.1946623037037,203.02562089922134,-0.030524569674719452,0.0012987000267292714,0.006589160588861476,13.043243625029179,0.005052198904624552,0.1985183881297643,-0.0007369949022757946,7.909959693715517,0.035172318546240755,0.31926711666541596,-7.295590721880341,290.3550255280128,-0.2785539356513837,-0.1818796571594139,0.0035164846503188134,12.191820673353044,0.05197962411019228,0.9855245553214882,-0.0012185824916172508,7.252950532215959,-0.014312251902174129,1.3459505828157807,-9.131909081238838,180.70259125316795,-0.33342554700537086,0.013911866578114829,-0.0007375351742750617,10.326065382580294,-0.007215305270977722,0.8722178252911283,-0.0004868366432001762,6.050086554608473,0.027092972456915353,1.009994378634068,-5.6581614507948865,103.00618736739685,-0.036609728639901015,0.12801196795357583,-5.660229828915721e-05,8.339194894810884,-0.05695349605988425,0.42395823916396935,-0.0005517860622494328,4.8507560304977915,0.1297854853175454,0.5293947621277026,1.868178928229152,2.725096632443419,2
172-2,11.164285136932223,5.83321946957557,-0.2529596215411343,-1.2327047240972904,0.0012354574861219137,0.04366915222687736,-0.0832001561173046,15.316881609184431,2.1956807295640193e-05,0.009337832110543455,0.5026309846389186,26.48052049563864,-1.179584254359554,367.71745890191954,-0.5241808197363359,-0.9487909983713112,-0.0022795270722876008,4.679303584937592,-0.40300851089806516,3.624000785170618,-0.00013986468815821638,2.433723059362923,0.22318427802309798,5.6343297613151915,11.006573164746325,187.0999431474763,-0.5078706400152609,-0.3126058821218134,-0.00461715911161849,7.404383103612778,-0.1516893753313685,1.5854491972162785,-2.8342433384517944e-05,4.055300860893962,0.04619969049188534,3.0924168519837147,-2.8135108415758188,298.5936747911488,-0.0738213503731209,-0.07098582777589524,0.0045687929496113005,10.050765032757973,-0.15687915053215587,2.5520096830095262,-0.0003187161946614172,5.975716991435939,-0.12458768754916218,3.7039199977680735,1.5439585112215084,453.031066059301,0.332134151467152,-0.379960291645423,0.006105613958767471,14.092184627716158,-0.004948853580923546,1.4520512900276392,-0.0013052857111626292,8.62518627094005,-0.12764451608702332,2.1174114551558834,-4.163279391047746,326.6893818336317,-0.16938535183607245,0.26785091829404406,0.0010687173915967338,15.593671308435932,0.19273208195888167,1.0772101515972325,-0.0006173229460346619,9.317645161042853,-0.07239633853757423,1.3264546752108117,-6.520696252793453,359.74112130260994,0.32824850486903356,-0.11096100199206349,-0.007717202608627377,16.74345231129977,0.09234168727452485,0.7779185801008426,-0.00010313014906014045,9.625692740123071,0.0017865762616997166,0.7564736975490973,-8.714678552100036,510.8406642688445,0.3230311141328233,-0.1749919256127308,0.004454578605248712,16.217945713742903,-0.010132271643551996,1.4509981533214837,-0.0004205728428663782,8.854997943445872,-0.09261795638787436,0.9983271702910956,-7.8385185026799284,254.42995103305455,-0.11446983021676874,0.13909859304951366,0.004846426693932166,15.209777181255856,-0.01675558841707938,0.3081515681959224,-0.0006857755401304037,8.632491389022745,0.06949053611939277,0.1875332719785896,-8.452525106751121,264.05768675000235,0.36782596091011704,0.129016500261804,0.00025439079773620214,15.498588489794251,0.00981388222234122,0.11468404830856826,-0.0008519384947105536,9.105545502770607,0.08198419141450572,0.2114674504901437,-9.081861133107532,178.59533756251673,-0.32716272415533104,-0.04884648696158944,-0.0014566773998396986,12.597788388761993,-0.0035900627297650576,0.359852585402491,-6.331289302122726e-06,7.392131785957754,0.040810643803108566,0.3961993440240308,-6.41944044745774,283.7364590185955,-0.25971073590508537,-0.18591808518933206,0.004234339365492674,11.654934005992729,0.14487247427725114,0.5126585664602858,-0.0007042642876030507,6.403993096337615,0.16124802568707727,0.9341346699531798,-6.5351141787653,168.12772000269206,-0.09521474729585465,-0.20255583360335017,0.0063326360820558925,9.820161140627764,-0.10955043493141019,0.45980922572582283,-0.0010238607151377955,5.450951751709466,0.05425071911715216,0.5496992236688256,-5.333258593746593,109.27328706214075,-0.0057666887295098135,0.14713230926701382,0.0020883509656943627,8.168872050261315,-0.044472884804559146,0.3353777592458287,-0.0010036100955736747,4.5022230938632655,0.0007391125391059546,0.2766528687018006,1.71535165306923,2.390826835839542,2
172-3,11.62650000959847,19.40910241690934,-0.5907872136196638,-0.8283305120627467,-0.000137021117063059,0.12103324711870851,-1.0777253369270345,5.950842192340433,4.269835482482325e-05,0.025988003060596825,1.1328756799133093,10.630918605296737,7.950919063235518,626.0015637104754,-0.4085909603120519,-0.8092286271983729,-0.0059036460515858495,15.340230448086675,-0.11637942372089789,0.9501477498302138,-0.00040076002314436837,8.452611926958344,0.008948565948211131,2.3592671774354788,5.231477516234684,252.14991001143895,-0.2595507602388412,-0.14380264895413708,-0.0022599606856617076,11.692798815897177,0.06917065941265664,2.3395560239059536,0.0009487602248607484,6.482449417970776,-0.03094134320350594,2.709681057439198,8.995895782369534,390.2627189040594,-0.10901652517335134,-0.03591462336119777,0.006446576535056828,19.005387821056054,-0.1243606646392438,1.577792265276866,-0.0006079060955389796,11.85846834594434,-0.16943936799585013,2.5749059248928514,0.4000731931717576,383.7924490310131,0.42088312009769135,0.5551693219173521,0.005764629677038541,16.357487318417125,0.09964342017306656,1.051623401580426,-0.0030034985794798403,9.774466134392142,-0.027687046306023685,1.4860042058513159,-7.889060607275217,432.1620224171277,-0.24392859204647835,-0.1804968675108065,-0.0017480561744441594,23.076775744084298,0.057350873107293886,1.6574878967808813,0.003564492275994119,14.28417183675289,0.16666080376809234,2.2534179178177673,-14.246923176617766,417.54618305369905,0.05540125090018911,-0.48139964949044156,-0.004492566704974204,22.934043808345006,0.11300623506039882,1.098793361422537,0.0013601953530955526,14.250289635783977,0.009379721040974235,1.2506715383712006,-9.357990604102202,341.56739742976924,-0.2985308472417364,-0.1921842833107652,0.0012447689582843202,21.24642560786001,0.12665753660016138,1.1597985640152322,-6.518188948881847e-05,13.549299690232507,0.01664803612323521,1.2293574646595067,-4.216379281551284,301.6677045271022,0.27191607685787156,0.3139937947498881,0.0035344329653077397,18.404183786784937,0.0388211934912211,0.8274027560538073,-0.00019466635515987823,11.80052271865511,-0.06890308916256652,0.9627029835787582,-5.762378001266564,181.28811155551878,0.15316605532509062,0.5603405277215328,0.004182996877484753,15.435269915235033,0.06064565657356377,0.548261651781631,0.0007072770569582502,9.648711589950102,-0.004251376444693122,0.6912465433680075,-8.487241325927716,147.90936509867083,-0.29767071492061664,0.4152750631030684,0.0034894022290368645,15.777983807900517,0.03981495285923357,0.7897044286805572,0.0017669180619781961,10.330390387631335,0.12528321113182575,1.0288095815316494,-5.5218985354497345,145.73839809940665,-0.36507588681012104,0.6972305425012677,0.002319069517789619,14.398710429703952,-0.015189616406783173,0.869847952684307,-0.0002219639701004045,9.074120363900226,0.09376010742704195,1.2813966113684536,-4.83412235184698,129.9724413566744,-0.06574577934092728,1.485809260333908,0.0024443886799048555,12.061696416142997,0.023123449226100858,0.6495485788889148,-0.00045650932659491763,7.695386586174642,-0.018684250290058043,0.790550720555288,-5.314790211629658,100.15530785923822,-0.10653131304861437,1.6523734796852674,0.003532231114144704,11.315931441388537,0.03169791048711641,1.2619028542754052,-1.770154071613828e-05,7.475669209361715,0.03021310762037405,1.4524951239845896,0.5492855513477377,-0.6824937844206418,2
